{
 "Files" : [
  {
   "Path" : "E:/myWork/IP/releaseVerify/V1.9.7.01/zipFile/Gowin_MIPI_DPHY_Advance_refDesign/MIPI_RefDesign/src/DPHY_TOP.v",
   "Type" : "verilog"
  },
  {
   "Path" : "E:/myWork/IP/releaseVerify/V1.9.7.01/zipFile/Gowin_MIPI_DPHY_Advance_refDesign/MIPI_RefDesign/src/ROM549X17.v",
   "Type" : "verilog"
  },
  {
   "Path" : "E:/myWork/IP/releaseVerify/V1.9.7.01/zipFile/Gowin_MIPI_DPHY_Advance_refDesign/MIPI_RefDesign/src/gw_pll.v",
   "Type" : "verilog"
  },
  {
   "Path" : "E:/myWork/IP/releaseVerify/V1.9.7.01/zipFile/Gowin_MIPI_DPHY_Advance_refDesign/MIPI_RefDesign/src/mipi_rx_advance/mipi_rx_advance.v",
   "Type" : "verilog"
  },
  {
   "Path" : "E:/myWork/IP/releaseVerify/V1.9.7.01/zipFile/Gowin_MIPI_DPHY_Advance_refDesign/MIPI_RefDesign/src/mipi_tx_advance/mipi_tx_advance.v",
   "Type" : "verilog"
  }
 ],
 "IncludePath" : [

 ],
 "LoopLimit" : 2000,
 "ResultFile" : "E:/myWork/IP/releaseVerify/V1.9.7.01/zipFile/Gowin_MIPI_DPHY_Advance_refDesign/MIPI_RefDesign/impl/temp/rtl_parser.result",
 "Top" : "DPHY_TOP",
 "VerilogStd" : "sysv",
 "VhdlStd" : "vhdl_93"
}